mean,rms,variance,zero_crossings,dominant_frequency,spectral_entropy,signal_length,label,session,segment,frequency_bands
1.4298920000000002,1.4301150694961575,0.0006379803359999,0,0.4,2.6684005799709647,500,mild,mild_session_20251017_192945,0,
1.4337800000000005,1.4341111867634255,0.0009498076,0,0.4,3.849589441253148,500,mild,mild_session_20251017_192945,1,
1.465588,1.465906608212133,0.000933998256,0,0.4,2.8902032321841675,500,mild,mild_session_20251017_192945,2,
1.440516,1.440839930040808,0.000933357744,0,0.4,4.259779354463913,500,mild,mild_session_20251017_192945,3,
1.4799680000000002,1.4803971858930292,0.001270546976,0,0.4,3.641686436394256,500,mild,mild_session_20251017_192945,4,
1.450326,1.4508333033122722,0.001471767724,0,0.4,4.288504336846557,500,mild,mild_session_20251017_192945,5,
1.461446,1.4620075971074844,0.001641803084,0,0.4,3.142760122793301,500,mild,mild_session_20251017_192945,6,
1.4301019999999998,1.4306147930173236,0.001466955596,0,0.4,4.232163462283995,500,moderate,moderate_session_20251017_193026,0,
1.50752,1.5095332934387369,0.0060742136,0,0.4,1.5419684674730214,500,moderate,moderate_session_20251017_193026,1,
1.457176,1.4580752490869595,0.002621537024,0,2.4000000000000004,3.910161611350258,500,moderate,moderate_session_20251017_193026,2,
1.45076,1.4515260631487126,0.0022233344,0,0.4,4.003166140088149,500,moderate,moderate_session_20251017_193026,3,
1.46058,1.4609883408159012,0.0011929955999999,0,0.4,4.2143544170165645,500,moderate,moderate_session_20251017_193026,4,
1.424348,1.4250631410572656,0.0020377308959999,0,0.4,4.241995924016965,500,moderate,moderate_session_20251017_193026,5,
1.421588,1.423216641274265,0.004633166256,0,0.8,3.5618732156747237,500,moderate,moderate_session_20251017_193026,6,
1.454664,1.4547252606592078,0.000178231104,0,50.0,4.244060001775165,500,normal,normal_session_20251017_192854,0,
1.458948,1.4589975640829562,0.0001446252959999,0,0.4,2.732355038751542,500,normal,normal_session_20251017_192854,1,
1.4478959999999998,1.4479426770421542,0.000135169184,0,50.0,2.975254198750371,500,normal,normal_session_20251017_192854,2,
1.445694,1.4457779310807035,0.000242684364,0,50.0,4.291952815778503,500,normal,normal_session_20251017_192854,3,
1.44571,1.4457521744752797,0.0001219459,0,50.0,3.057949400288426,500,normal,normal_session_20251017_192854,4,
1.446816,1.446907340502494,0.000264314144,0,50.0,4.036640062704072,500,normal,normal_session_20251017_192854,5,
1.443492,1.4435303917825906,0.000110837936,0,50.0,2.6281211408889944,500,normal,normal_session_20251017_192854,6,
1.485036,1.4863021644335987,0.003762202704,0,1.6,3.779917439497564,500,severe,severe_session_20251017_193127,0,
1.459602,1.460991272390085,0.004057499596,0,1.2000000000000002,3.3500804500137247,500,severe,severe_session_20251017_193127,1,
1.4312280000000002,1.4360072409288194,0.013703208016,0,0.4,2.6197284061444743,500,severe,severe_session_20251017_193127,2,
1.46142,1.46317638444584,0.0051367156,0,0.4,3.501709417868394,500,severe,severe_session_20251017_193127,3,
1.427064,1.427537953260788,0.0013529479039999,0,0.4,5.034714629822244,500,severe,severe_session_20251017_193127,4,
1.431078,1.4319632111196154,0.002534395916,0,0.8,4.493733749106225,500,severe,severe_session_20251017_193127,5,
1.405758,1.406366792127857,0.0017119994359999,0,0.4,3.314126270293283,500,severe,severe_session_20251017_193127,6,
1.4298920000000002,1.4301150694961577,0.0006379803359999999,0,0.4,2.6684005799709647,500,mild,mild_session_20251017_192945,0,"{'normal': 7, 'mild': 10, 'severe': 13, 'noise': 219}"
1.4337800000000003,1.4341111867634255,0.0009498076,0,0.4,3.8495894412531477,500,mild,mild_session_20251017_192945,1,"{'normal': 7, 'mild': 10, 'severe': 13, 'noise': 219}"
1.4655880000000001,1.465906608212133,0.0009339982560000001,0,0.4,2.8902032321841675,500,mild,mild_session_20251017_192945,2,"{'normal': 7, 'mild': 10, 'severe': 13, 'noise': 219}"
1.4405160000000001,1.440839930040808,0.0009333577440000003,0,0.4,4.259779354463913,500,mild,mild_session_20251017_192945,3,"{'normal': 7, 'mild': 10, 'severe': 13, 'noise': 219}"
1.4799680000000002,1.4803971858930292,0.0012705469760000007,0,0.4,3.641686436394256,500,mild,mild_session_20251017_192945,4,"{'normal': 7, 'mild': 10, 'severe': 13, 'noise': 219}"
1.450326,1.4508333033122722,0.0014717677240000003,0,0.4,4.288504336846557,500,mild,mild_session_20251017_192945,5,"{'normal': 7, 'mild': 10, 'severe': 13, 'noise': 219}"
1.461446,1.4620075971074844,0.0016418030840000002,0,0.4,3.142760122793301,500,mild,mild_session_20251017_192945,6,"{'normal': 7, 'mild': 10, 'severe': 13, 'noise': 219}"
1.0957959999999998,1.2244008167262876,0.29838848638399995,2,0.4,1.9359969757699398,500,mild,mild_session_20251019_105407,0,"{'normal': 7, 'mild': 10, 'severe': 13, 'noise': 219}"
1.211384,1.2275865281111553,0.039517488544,0,0.4,2.1389546626469746,500,mild,mild_session_20251019_105407,1,"{'normal': 7, 'mild': 10, 'severe': 13, 'noise': 219}"
1.388944,1.411358874276844,0.06276843686400001,0,0.4,1.6927261246630434,500,mild,mild_session_20251019_105407,2,"{'normal': 7, 'mild': 10, 'severe': 13, 'noise': 219}"
1.6922540000000001,1.7149089404396958,0.077189073484,0,0.8,1.7895651797797687,500,mild,mild_session_20251019_105407,3,"{'normal': 7, 'mild': 10, 'severe': 13, 'noise': 219}"
1.3682019999999997,1.3694423909022242,0.0033957491960000005,0,1.6,3.2865688501747075,500,mild,mild_session_20251019_105407,4,"{'normal': 7, 'mild': 10, 'severe': 13, 'noise': 219}"
1.3421840000000003,1.350819019706193,0.023254134144,0,1.2000000000000002,2.969303634847677,500,mild,mild_session_20251019_105407,5,"{'normal': 7, 'mild': 10, 'severe': 13, 'noise': 219}"
1.417186,1.4194525331972183,0.0064293354040000006,0,0.8,3.3166414718448114,500,mild,mild_session_20251019_105407,6,"{'normal': 7, 'mild': 10, 'severe': 13, 'noise': 219}"
1.4057890625,1.4060720248488339,0.0007956508178710937,0,3.125,3.0854521819853433,128,mild,mild_session_20251019_105407,7,"{'normal': 1, 'mild': 3, 'severe': 3, 'noise': 56}"
1.4298920000000002,1.4301150694961577,0.0006379803359999999,0,0.4,2.6684005799709647,500,mild,mild_session_20251017_192945,0,"{'normal': 7, 'mild': 10, 'severe': 13, 'noise': 219}"
1.4337800000000003,1.4341111867634255,0.0009498076,0,0.4,3.8495894412531477,500,mild,mild_session_20251017_192945,1,"{'normal': 7, 'mild': 10, 'severe': 13, 'noise': 219}"
1.4655880000000001,1.465906608212133,0.0009339982560000001,0,0.4,2.8902032321841675,500,mild,mild_session_20251017_192945,2,"{'normal': 7, 'mild': 10, 'severe': 13, 'noise': 219}"
1.4405160000000001,1.440839930040808,0.0009333577440000003,0,0.4,4.259779354463913,500,mild,mild_session_20251017_192945,3,"{'normal': 7, 'mild': 10, 'severe': 13, 'noise': 219}"
1.4799680000000002,1.4803971858930292,0.0012705469760000007,0,0.4,3.641686436394256,500,mild,mild_session_20251017_192945,4,"{'normal': 7, 'mild': 10, 'severe': 13, 'noise': 219}"
1.450326,1.4508333033122722,0.0014717677240000003,0,0.4,4.288504336846557,500,mild,mild_session_20251017_192945,5,"{'normal': 7, 'mild': 10, 'severe': 13, 'noise': 219}"
1.461446,1.4620075971074844,0.0016418030840000002,0,0.4,3.142760122793301,500,mild,mild_session_20251017_192945,6,"{'normal': 7, 'mild': 10, 'severe': 13, 'noise': 219}"
1.0957959999999998,1.2244008167262876,0.29838848638399995,2,0.4,1.9359969757699398,500,mild,mild_session_20251019_105407,0,"{'normal': 7, 'mild': 10, 'severe': 13, 'noise': 219}"
1.211384,1.2275865281111553,0.039517488544,0,0.4,2.1389546626469746,500,mild,mild_session_20251019_105407,1,"{'normal': 7, 'mild': 10, 'severe': 13, 'noise': 219}"
1.388944,1.411358874276844,0.06276843686400001,0,0.4,1.6927261246630434,500,mild,mild_session_20251019_105407,2,"{'normal': 7, 'mild': 10, 'severe': 13, 'noise': 219}"
1.6922540000000001,1.7149089404396958,0.077189073484,0,0.8,1.7895651797797687,500,mild,mild_session_20251019_105407,3,"{'normal': 7, 'mild': 10, 'severe': 13, 'noise': 219}"
1.3682019999999997,1.3694423909022242,0.0033957491960000005,0,1.6,3.2865688501747075,500,mild,mild_session_20251019_105407,4,"{'normal': 7, 'mild': 10, 'severe': 13, 'noise': 219}"
1.3421840000000003,1.350819019706193,0.023254134144,0,1.2000000000000002,2.969303634847677,500,mild,mild_session_20251019_105407,5,"{'normal': 7, 'mild': 10, 'severe': 13, 'noise': 219}"
1.417186,1.4194525331972183,0.0064293354040000006,0,0.8,3.3166414718448114,500,mild,mild_session_20251019_105407,6,"{'normal': 7, 'mild': 10, 'severe': 13, 'noise': 219}"
1.4057890625,1.4060720248488339,0.0007956508178710937,0,3.125,3.0854521819853433,128,mild,mild_session_20251019_105407,7,"{'normal': 1, 'mild': 3, 'severe': 3, 'noise': 56}"
1.454664,1.4547252606592078,0.00017823110400000004,0,50.0,4.244060001775165,500,normal,normal_session_20251017_192854,0,"{'normal': 7, 'mild': 10, 'severe': 13, 'noise': 219}"
1.4589480000000001,1.4589975640829562,0.00014462529599999996,0,0.4,2.732355038751542,500,normal,normal_session_20251017_192854,1,"{'normal': 7, 'mild': 10, 'severe': 13, 'noise': 219}"
1.4478959999999998,1.4479426770421542,0.0001351691840000002,0,50.0,2.975254198750371,500,normal,normal_session_20251017_192854,2,"{'normal': 7, 'mild': 10, 'severe': 13, 'noise': 219}"
1.445694,1.4457779310807037,0.0002426843640000002,0,50.0,4.291952815778503,500,normal,normal_session_20251017_192854,3,"{'normal': 7, 'mild': 10, 'severe': 13, 'noise': 219}"
1.44571,1.4457521744752797,0.00012194590000000016,0,50.0,3.057949400288426,500,normal,normal_session_20251017_192854,4,"{'normal': 7, 'mild': 10, 'severe': 13, 'noise': 219}"
1.446816,1.4469073405024941,0.0002643141440000002,0,50.0,4.0366400627040715,500,normal,normal_session_20251017_192854,5,"{'normal': 7, 'mild': 10, 'severe': 13, 'noise': 219}"
1.443492,1.4435303917825906,0.00011083793600000027,0,50.0,2.6281211408889944,500,normal,normal_session_20251017_192854,6,"{'normal': 7, 'mild': 10, 'severe': 13, 'noise': 219}"
1.875656,2.0083346982014727,0.5153228296639999,0,0.4,1.7110612625845762,500,normal,normal_session_20251019_105311,0,"{'normal': 7, 'mild': 10, 'severe': 13, 'noise': 219}"
1.308578,1.3240688388448691,0.040781907916,0,0.4,1.9270622474531436,500,normal,normal_session_20251019_105311,1,"{'normal': 7, 'mild': 10, 'severe': 13, 'noise': 219}"
1.527036,1.5270559112226376,6.0810704000000117e-05,0,0.4,3.372557224528121,500,normal,normal_session_20251019_105311,2,"{'normal': 7, 'mild': 10, 'severe': 13, 'noise': 219}"
1.5038319999999998,1.5038980949519152,0.0001987957760000002,0,0.4,2.126010805406083,500,normal,normal_session_20251019_105311,3,"{'normal': 7, 'mild': 10, 'severe': 13, 'noise': 219}"
1.467788,1.4679382630069975,0.0004411310559999998,0,0.4,3.3503560401291934,500,normal,normal_session_20251019_105311,4,"{'normal': 7, 'mild': 10, 'severe': 13, 'noise': 219}"
1.23,1.3433476288734796,0.29168285200000005,0,0.4,1.5215524277272154,500,normal,normal_session_20251019_105311,5,"{'normal': 7, 'mild': 10, 'severe': 13, 'noise': 219}"
1.368272,1.3760666989648431,0.021391294015999998,0,0.8,1.8551999484799067,500,normal,normal_session_20251019_105311,6,"{'normal': 7, 'mild': 10, 'severe': 13, 'noise': 219}"
1.4618623853211006,1.4621494388917216,0.0008393480346772166,0,1.8348623853211008,1.6204588250834684,109,normal,normal_session_20251019_105311,7,"{'normal': 1, 'mild': 2, 'severe': 3, 'noise': 48}"
1.485036,1.4863021644335987,0.0037622027040000033,0,1.6,3.779917439497564,500,severe,severe_session_20251017_193127,0,"{'normal': 7, 'mild': 10, 'severe': 13, 'noise': 219}"
1.459602,1.460991272390085,0.004057499596000002,0,1.2000000000000002,3.3500804500137247,500,severe,severe_session_20251017_193127,1,"{'normal': 7, 'mild': 10, 'severe': 13, 'noise': 219}"
1.4312280000000002,1.4360072409288194,0.013703208016000001,0,0.4,2.6197284061444743,500,severe,severe_session_20251017_193127,2,"{'normal': 7, 'mild': 10, 'severe': 13, 'noise': 219}"
1.46142,1.4631763844458399,0.005136715600000001,0,0.4,3.501709417868394,500,severe,severe_session_20251017_193127,3,"{'normal': 7, 'mild': 10, 'severe': 13, 'noise': 219}"
1.4270639999999999,1.4275379532607881,0.0013529479039999998,0,0.4,5.034714629822244,500,severe,severe_session_20251017_193127,4,"{'normal': 7, 'mild': 10, 'severe': 13, 'noise': 219}"
1.431078,1.4319632111196154,0.002534395916,0,0.8,4.493733749106225,500,severe,severe_session_20251017_193127,5,"{'normal': 7, 'mild': 10, 'severe': 13, 'noise': 219}"
1.405758,1.4063667921278573,0.0017119994359999998,0,0.4,3.314126270293283,500,severe,severe_session_20251017_193127,6,"{'normal': 7, 'mild': 10, 'severe': 13, 'noise': 219}"
1.2612480000000001,1.2670391059474053,0.014641578496,0,0.8,3.673423844970109,500,severe,severe_session_20251019_105447,0,"{'normal': 7, 'mild': 10, 'severe': 13, 'noise': 219}"
1.428538,1.4336245917254629,0.014558652556000001,0,4.0,3.553780920121143,500,severe,severe_session_20251019_105447,1,"{'normal': 7, 'mild': 10, 'severe': 13, 'noise': 219}"
1.49095,1.4930978835963837,0.0064093875,0,4.800000000000001,4.265947346453888,500,severe,severe_session_20251019_105447,2,"{'normal': 7, 'mild': 10, 'severe': 13, 'noise': 219}"
1.475974,1.477403099360496,0.004220669324,0,4.0,4.138493694108466,500,severe,severe_session_20251019_105447,3,"{'normal': 7, 'mild': 10, 'severe': 13, 'noise': 219}"
1.483198,1.4921578261028556,0.026658670795999997,0,4.0,3.685388548905064,500,severe,severe_session_20251019_105447,4,"{'normal': 7, 'mild': 10, 'severe': 13, 'noise': 219}"
1.483848,1.4882427772376388,0.013061676896000001,0,4.0,4.054178200013383,500,severe,severe_session_20251019_105447,5,"{'normal': 7, 'mild': 10, 'severe': 13, 'noise': 219}"
1.4698719999999998,1.4718406381127,0.005791167616,0,0.8,4.234826103501432,500,severe,severe_session_20251019_105447,6,"{'normal': 7, 'mild': 10, 'severe': 13, 'noise': 219}"
1.4585142857142859,1.458969505866253,0.001328097414965986,0,3.8095238095238093,2.142823992606826,105,severe,severe_session_20251019_105447,7,"{'normal': 1, 'mild': 2, 'severe': 3, 'noise': 46}"
